{"mean":{"confidence_interval":{"confidence_level":0.95,"lower_bound":8017921.362625,"upper_bound":8112117.8103},"point_estimate":8055190.804,"standard_error":24866.13175226742},"median":{"confidence_interval":{"confidence_level":0.95,"lower_bound":7995666.5,"upper_bound":8007687.5},"point_estimate":8001041.75,"standard_error":2907.047905398511},"median_abs_dev":{"confidence_interval":{"confidence_level":0.95,"lower_bound":54500.01364868137,"upper_bound":67596.92189991474},"point_estimate":60292.522479593754,"standard_error":3329.9362996572845},"slope":null,"std_dev":{"confidence_interval":{"confidence_level":0.95,"lower_bound":125118.30645257806,"upper_bound":915121.9581001173},"point_estimate":554029.2214652001,"standard_error":234422.77687802588}}