{"mean":{"confidence_interval":{"confidence_level":0.95,"lower_bound":2177714.281199999,"upper_bound":2181300.4944000025},"point_estimate":2179440.4631999996,"standard_error":917.4521747679238},"median":{"confidence_interval":{"confidence_level":0.95,"lower_bound":2174625.0,"upper_bound":2177187.5},"point_estimate":2175845.9,"standard_error":618.9633025746309},"median_abs_dev":{"confidence_interval":{"confidence_level":0.95,"lower_bound":9754.025226832127,"upper_bound":11675.474792718887},"point_estimate":10779.687888622353,"standard_error":489.72918510238355},"slope":null,"std_dev":{"confidence_interval":{"confidence_level":0.95,"lower_bound":16798.513920332578,"upper_bound":24540.790587991345},"point_estimate":20561.530760482652,"standard_error":2000.8163526977007}}