{"mean":{"confidence_interval":{"confidence_level":0.95,"lower_bound":4309839.715333332,"upper_bound":4545409.251},"point_estimate":4417787.221333335,"standard_error":60694.06995512058},"median":{"confidence_interval":{"confidence_level":0.95,"lower_bound":4111597.1666666665,"upper_bound":4125597.166666667},"point_estimate":4119638.833333333,"standard_error":3789.564532617061},"median_abs_dev":{"confidence_interval":{"confidence_level":0.95,"lower_bound":52704.205164312625,"upper_bound":84065.6424075365},"point_estimate":69259.90487039031,"standard_error":7986.79061488317},"slope":null,"std_dev":{"confidence_interval":{"confidence_level":0.95,"lower_bound":823321.4532504125,"upper_bound":1837929.581937524},"point_estimate":1358022.2194439145,"standard_error":258371.97402327866}}