{"mean":{"confidence_interval":{"confidence_level":0.95,"lower_bound":14018558.32595,"upper_bound":14250423.468449999},"point_estimate":14128358.902,"standard_error":59332.887050944075},"median":{"confidence_interval":{"confidence_level":0.95,"lower_bound":13593500.0,"upper_bound":13661979.5},"point_estimate":13622521.0,"standard_error":18392.197300660933},"median_abs_dev":{"confidence_interval":{"confidence_level":0.95,"lower_bound":228259.60934758186,"upper_bound":309708.46280157566},"point_estimate":269030.3673237562,"standard_error":20791.182834153606},"slope":null,"std_dev":{"confidence_interval":{"confidence_level":0.95,"lower_bound":998763.7818055796,"upper_bound":1670392.2753241863},"point_estimate":1323676.0580604058,"standard_error":173953.12587629838}}