{"mean":{"confidence_interval":{"confidence_level":0.95,"lower_bound":2645305.069425,"upper_bound":2679678.3414875},"point_estimate":2661161.524,"standard_error":8763.644443355599},"median":{"confidence_interval":{"confidence_level":0.95,"lower_bound":2609317.75,"upper_bound":2613880.25},"point_estimate":2611385.5,"standard_error":1179.1285712465692},"median_abs_dev":{"confidence_interval":{"confidence_level":0.95,"lower_bound":20138.896742463112,"upper_bound":30277.286012470722},"point_estimate":24092.24957227707,"standard_error":2518.7831024372545},"slope":null,"std_dev":{"confidence_interval":{"confidence_level":0.95,"lower_bound":128503.12088083744,"upper_bound":257906.30796712197},"point_estimate":196524.10200358494,"standard_error":33005.562960617135}}